use shipping;

INSERT INTO ports
VALUES
('Port Khazard','Cairo','Egypt');
INSERT INTO ports
VALUES
('Port Phasmatys','Bangkok','Thailand');
INSERT INTO ports
VALUES
('Port Tyras','San Diego','United States of America');
INSERT INTO ports
VALUES
('Port Sarim','Melbourne','Australia');
INSERT INTO ports
VALUES
('Port Piscarilius','Melbourne','Australia');

INSERT INTO ships
VALUES
('S.S. Tangerine',113,'Stan Sitwell',10,'Port Khazard',2003);
INSERT INTO ships
VALUES
('S.S. Celsius',212,'Roger Gold',22,'Port Sarim',2010);
INSERT INTO ships
VALUES
('H.M.S. Nutter Butter',314,'Steve Rogers',35,'Port Piscarilius',2012);
INSERT INTO ships
VALUES
('S.S. Chicken Sandwhich',154,'Melissa Monroe',18,'Port Sarim',2007);
INSERT INTO ships
VALUES
('H.M.S. Moonpie',127,'Tom Grey',14,'Port Khazard',2020);
INSERT INTO ships
VALUES
('S.S. Basset Hound',258,'Charles Darwin',25,'Port Phasmatys',2017);
INSERT INTO ships
VALUES
('H.M.S. Murphy',271,'Max Von Strauss',27,'Port Piscarilius',2016);
INSERT INTO ships
VALUES
('Tranquility',108,'Liam Spacey',8,'Port Tyras',2005);
INSERT INTO ships
VALUES
('Discovery',303,'Sally Soup',30,'Port Khazard',1998);
INSERT INTO ships
VALUES
('Curiosity',236,'Brian Hunter',19,'Port Phasmatys',1999);

INSERT INTO containers
VALUES
('VSLU014931',8,40,7,5167,'S.S. Celsius');
INSERT INTO containers
VALUES
('CBCU770530',9,20,8,4850,'H.M.S. Nutter Butter');
INSERT INTO containers
VALUES
('BICU496199',8,40,6,6178,'S.S. Chicken Sandwhich');
INSERT INTO containers
VALUES
('CBCU654520',8,10,8,3100,'H.M.S. Moonpie');
INSERT INTO containers
VALUES
('VSLU380175',8,20,8,4967,'S.S. Tangerine');
INSERT INTO containers
VALUES
('EMCU501936',10,40,10,7349,'H.M.S. Murphy');
INSERT INTO containers
VALUES
('VSLU458018',8,10,8,3091,null);
INSERT INTO containers
VALUES
('CBCU679164',9,40,9,6733,'Tranquility');
INSERT INTO containers
VALUES
('VSLU017927',8,40,9,7917,'Tranquility');
INSERT INTO containers
VALUES
('BICU561903',10,20,11,5222,null);
INSERT INTO containers
VALUES
('EMCU781902',8,20,8,4392,'S.S. Basset Hound');
INSERT INTO containers
VALUES
('CBCU910427',8,40,8,8196,'H.M.S. Moonpie');
INSERT INTO containers
VALUES
('VSLU618308',9,20,9,6522,'S.S. Chicken Sandwhich');
INSERT INTO containers
VALUES
('EMCU817403',8,10,8,2807,'Discovery');
INSERT INTO containers
VALUES
('VSLU032748',8,40,8,7652,'H.M.S. Nutter Butter');
INSERT INTO containers
VALUES
('CBCU287165',7,20,9,3929,'Curiosity');
INSERT INTO containers
VALUES
('BICU357140',8,40,7,6376,'S.S. Tangerine');
INSERT INTO containers
VALUES
('CBCU416073',8,40,8,5112,'H.M.S. Moonpie');
INSERT INTO containers
VALUES
('EMCU700515',8,10,9,3163,'Discovery');
INSERT INTO containers
VALUES
('VLSU196442',10,40,10,6810,null);
